{
  "converged_trajectories": {
    "mean_final_mass": 417.44617473831676,
    "std_final_mass": 15.326139746719731,
    "min_final_mass": 387.9707714678383,
    "max_final_mass": 436.73219761300703,
    "median_final_mass": 416.3417092695153,
    "q25_final_mass": 405.9857608823646,
    "q75_final_mass": 434.106131578605,
    "values": [
      405.9857608823646,
      412.51137784419643,
      415.8252522260563,
      434.31359258365626,
      389.3544420306203,
      434.52918642179134,
      416.85816631297433,
      430.8283911471152,
      405.9857608823646,
      412.51137784419643,
      415.8252522260563,
      434.31359258365626,
      389.3544420306203,
      434.52918642179134,
      416.85816631297433,
      430.8283911471152,
      405.9857608823646,
      412.51137784419643,
      415.8252522260563,
      434.31359258365626,
      389.3544420306203,
      434.52918642179134,
      416.85816631297433,
      430.8283911471152,
      405.9857608823646,
      412.51137784419643,
      415.8252522260563,
      434.31359258365626,
      389.3544420306203,
      434.52918642179134,
      416.85816631297433,
      430.8283911471152,
      405.9857608823646,
      412.51137784419643,
      415.8252522260563,
      434.31359258365626,
      389.3544420306203,
      434.52918642179134,
      416.85816631297433,
      430.8283911471152,
      405.9857608823646,
      412.51137784419643,
      415.8252522260563,
      434.31359258365626,
      389.3544420306203,
      434.52918642179134,
      416.85816631297433,
      430.8283911471152,
      405.9857608823646,
      412.51137784419643,
      415.8252522260563,
      434.31359258365626,
      389.3544420306203,
      434.52918642179134,
      416.85816631297433,
      430.8283911471152,
      405.9857608823646,
      412.51137784419643,
      415.8252522260563,
      434.31359258365626,
      389.3544420306203,
      434.52918642179134,
      416.85816631297433,
      430.8283911471152,
      405.9857608823646,
      412.51137784419643,
      415.8252522260563,
      434.31359258365626,
      389.3544420306203,
      434.52918642179134,
      416.85816631297433,
      430.8283911471152,
      405.9857608823646,
      412.51137784419643,
      415.8252522260563,
      434.31359258365626,
      389.3544420306203,
      434.52918642179134,
      416.85816631297433,
      430.8283911471152,
      405.9857608823646,
      412.51137784419643,
      415.8252522260563,
      434.31359258365626,
      389.3544420306203,
      434.52918642179134,
      416.85816631297433,
      430.8283911471152,
      405.9857608823646,
      412.51137784419643,
      415.8252522260563,
      434.31359258365626,
      389.3544420306203,
      434.52918642179134,
      416.85816631297433,
      430.8283911471152,
      405.9857608823646,
      412.51137784419643,
      415.8252522260563,
      434.31359258365626,
      389.3544420306203,
      434.52918642179134,
      416.85816631297433,
      430.8283911471152,
      405.9857608823646,
      412.51137784419643,
      415.8252522260563,
      434.31359258365626,
      389.3544420306203,
      434.52918642179134,
      416.85816631297433,
      430.8283911471152,
      405.9857608823646,
      412.51137784419643,
      415.8252522260563,
      434.31359258365626,
      389.3544420306203,
      434.52918642179134,
      416.85816631297433,
      430.8283911471152,
      405.9857608823646,
      412.51137784419643,
      415.8252522260563,
      434.31359258365626,
      389.3544420306203,
      434.52918642179134,
      416.85816631297433,
      430.8283911471152,
      405.9857608823646,
      412.51137784419643,
      415.8252522260563,
      434.31359258365626,
      389.3544420306203,
      434.52918642179134,
      416.85816631297433,
      430.8283911471152,
      405.9857608823646,
      412.51137784419643,
      415.8252522260563,
      434.31359258365626,
      389.3544420306203,
      434.52918642179134,
      416.85816631297433,
      430.8283911471152,
      405.9857608823646,
      412.51137784419643,
      415.8252522260563,
      434.31359258365626,
      389.3544420306203,
      434.52918642179134,
      416.85816631297433,
      430.8283911471152,
      405.9857608823646,
      412.51137784419643,
      415.8252522260563,
      434.31359258365626,
      389.3544420306203,
      434.52918642179134,
      416.85816631297433,
      430.8283911471152,
      433.11430299645633,
      409.81570459724156,
      436.73219761300703,
      400.3908540077886,
      387.9707714678383,
      434.106131578605,
      433.11430299645633,
      409.81570459724156,
      436.73219761300703,
      400.3908540077886,
      387.9707714678383,
      434.106131578605,
      433.11430299645633,
      409.81570459724156,
      436.73219761300703,
      400.3908540077886,
      387.9707714678383,
      434.106131578605,
      433.11430299645633,
      409.81570459724156,
      436.73219761300703,
      400.3908540077886,
      387.9707714678383,
      434.106131578605,
      433.11430299645633,
      409.81570459724156,
      436.73219761300703,
      400.3908540077886,
      387.9707714678383,
      434.106131578605
    ]
  },
  "predicted_vs_converged": {
    "mean_abs_error": 43.877196879598515,
    "std_abs_error": 20.925694381919516,
    "mean_rel_error": 0.10663247707975033,
    "correlation": -0.31712297024874
  },
  "mass_efficiency": {
    "mean_mass_used": -416.44617473831676,
    "std_mass_used": 15.326139746719731,
    "mass_efficiency_rate": 417.44617473831676
  }
}