{
  "feasibility_stats": {
    "total_samples": 250,
    "feasible_count": 190,
    "infeasible_count": 60,
    "feasibility_rate": 0.76,
    "correlation": 0.11728246626290642
  },
  "feasible_energies": {
    "mean": 0.06857383202173208,
    "std": 0.02552882454843511,
    "min": 0.016036514192819595,
    "max": 0.0949999988079071,
    "values": [
      0.07540508359670639,
      0.094434455037117,
      0.016036514192819595,
      0.07407418638467789,
      0.0949999988079071,
      0.04570835456252098,
      0.08757410943508148,
      0.05513959005475044,
      0.07540508359670639,
      0.094434455037117,
      0.016036514192819595,
      0.07407418638467789,
      0.0949999988079071,
      0.04570835456252098,
      0.08757410943508148,
      0.05513959005475044,
      0.07540508359670639,
      0.094434455037117,
      0.016036514192819595,
      0.07407418638467789,
      0.0949999988079071,
      0.04570835456252098,
      0.08757410943508148,
      0.05513959005475044,
      0.07540508359670639,
      0.094434455037117,
      0.016036514192819595,
      0.07407418638467789,
      0.0949999988079071,
      0.04570835456252098,
      0.08757410943508148,
      0.05513959005475044,
      0.07540508359670639,
      0.094434455037117,
      0.016036514192819595,
      0.07407418638467789,
      0.0949999988079071,
      0.04570835456252098,
      0.08757410943508148,
      0.05513959005475044,
      0.07540508359670639,
      0.094434455037117,
      0.016036514192819595,
      0.07407418638467789,
      0.0949999988079071,
      0.04570835456252098,
      0.08757410943508148,
      0.05513959005475044,
      0.07540508359670639,
      0.094434455037117,
      0.016036514192819595,
      0.07407418638467789,
      0.0949999988079071,
      0.04570835456252098,
      0.08757410943508148,
      0.05513959005475044,
      0.07540508359670639,
      0.094434455037117,
      0.016036514192819595,
      0.07407418638467789,
      0.0949999988079071,
      0.04570835456252098,
      0.08757410943508148,
      0.05513959005475044,
      0.07540508359670639,
      0.094434455037117,
      0.016036514192819595,
      0.07407418638467789,
      0.0949999988079071,
      0.04570835456252098,
      0.08757410943508148,
      0.05513959005475044,
      0.07540508359670639,
      0.094434455037117,
      0.016036514192819595,
      0.07407418638467789,
      0.0949999988079071,
      0.04570835456252098,
      0.08757410943508148,
      0.05513959005475044,
      0.07540508359670639,
      0.094434455037117,
      0.016036514192819595,
      0.07407418638467789,
      0.0949999988079071,
      0.04570835456252098,
      0.08757410943508148,
      0.05513959005475044,
      0.07540508359670639,
      0.094434455037117,
      0.016036514192819595,
      0.07407418638467789,
      0.0949999988079071,
      0.04570835456252098,
      0.08757410943508148,
      0.05513959005475044,
      0.07540508359670639,
      0.094434455037117,
      0.016036514192819595,
      0.07407418638467789,
      0.0949999988079071,
      0.04570835456252098,
      0.08757410943508148,
      0.05513959005475044,
      0.07540508359670639,
      0.094434455037117,
      0.016036514192819595,
      0.07407418638467789,
      0.0949999988079071,
      0.04570835456252098,
      0.08757410943508148,
      0.05513959005475044,
      0.07540508359670639,
      0.094434455037117,
      0.016036514192819595,
      0.07407418638467789,
      0.0949999988079071,
      0.04570835456252098,
      0.08757410943508148,
      0.05513959005475044,
      0.07540508359670639,
      0.094434455037117,
      0.016036514192819595,
      0.07407418638467789,
      0.0949999988079071,
      0.04570835456252098,
      0.08757410943508148,
      0.05513959005475044,
      0.07540508359670639,
      0.094434455037117,
      0.016036514192819595,
      0.07407418638467789,
      0.0949999988079071,
      0.04570835456252098,
      0.08757410943508148,
      0.05513959005475044,
      0.07540508359670639,
      0.094434455037117,
      0.016036514192819595,
      0.07407418638467789,
      0.0949999988079071,
      0.04570835456252098,
      0.08757410943508148,
      0.05513959005475044,
      0.07540508359670639,
      0.094434455037117,
      0.016036514192819595,
      0.07407418638467789,
      0.0949999988079071,
      0.04570835456252098,
      0.08757410943508148,
      0.05513959005475044,
      0.07540508359670639,
      0.094434455037117,
      0.016036514192819595,
      0.07407418638467789,
      0.0949999988079071,
      0.04570835456252098,
      0.08757410943508148,
      0.05513959005475044,
      0.07853907346725464,
      0.08831527829170227,
      0.04844066873192787,
      0.09250818938016891,
      0.0949999988079071,
      0.029513239860534668,
      0.07853907346725464,
      0.08831527829170227,
      0.04844066873192787,
      0.09250818938016891,
      0.0949999988079071,
      0.029513239860534668,
      0.07853907346725464,
      0.08831527829170227,
      0.04844066873192787,
      0.09250818938016891,
      0.0949999988079071,
      0.029513239860534668,
      0.07853907346725464,
      0.08831527829170227,
      0.04844066873192787,
      0.09250818938016891,
      0.0949999988079071,
      0.029513239860534668,
      0.07853907346725464,
      0.08831527829170227,
      0.04844066873192787,
      0.09250818938016891,
      0.0949999988079071,
      0.029513239860534668
    ]
  },
  "infeasible_energies": {
    "mean": 0.06126346252858639,
    "std": 0.029126405927022734,
    "min": 0.030283238738775253,
    "max": 0.0949999988079071,
    "values": [
      0.033872321248054504,
      0.0949999988079071,
      0.033872321248054504,
      0.0949999988079071,
      0.033872321248054504,
      0.0949999988079071,
      0.033872321248054504,
      0.0949999988079071,
      0.033872321248054504,
      0.0949999988079071,
      0.033872321248054504,
      0.0949999988079071,
      0.033872321248054504,
      0.0949999988079071,
      0.033872321248054504,
      0.0949999988079071,
      0.033872321248054504,
      0.0949999988079071,
      0.033872321248054504,
      0.0949999988079071,
      0.033872321248054504,
      0.0949999988079071,
      0.033872321248054504,
      0.0949999988079071,
      0.033872321248054504,
      0.0949999988079071,
      0.033872321248054504,
      0.0949999988079071,
      0.033872321248054504,
      0.0949999988079071,
      0.033872321248054504,
      0.0949999988079071,
      0.033872321248054504,
      0.0949999988079071,
      0.033872321248054504,
      0.0949999988079071,
      0.033872321248054504,
      0.0949999988079071,
      0.033872321248054504,
      0.0949999988079071,
      0.03905026614665985,
      0.05533876642584801,
      0.0949999988079071,
      0.030283238738775253,
      0.03905026614665985,
      0.05533876642584801,
      0.0949999988079071,
      0.030283238738775253,
      0.03905026614665985,
      0.05533876642584801,
      0.0949999988079071,
      0.030283238738775253,
      0.03905026614665985,
      0.05533876642584801,
      0.0949999988079071,
      0.030283238738775253,
      0.03905026614665985,
      0.05533876642584801,
      0.0949999988079071,
      0.030283238738775253
    ]
  }
}