{
  "feasibility_stats": {
    "total_samples": 250,
    "feasible_count": 222,
    "infeasible_count": 28,
    "feasibility_rate": 0.888,
    "correlation": 0.026264675130955484
  },
  "feasible_energies": {
    "mean": 0.05367076914623246,
    "std": 0.025661851950764602,
    "min": 0.009412387385964394,
    "max": 0.0946885272860527,
    "values": [
      0.04505455866456032,
      0.09423654526472092,
      0.06947436183691025,
      0.09458345174789429,
      0.019299816340208054,
      0.08570168912410736,
      0.05340525880455971,
      0.024261340498924255,
      0.01821754314005375,
      0.05112876743078232,
      0.015779666602611542,
      0.05796840786933899,
      0.06911801546812057,
      0.05529571697115898,
      0.07881300896406174,
      0.011527186259627342,
      0.02082224190235138,
      0.07723080366849899,
      0.06335052102804184,
      0.04036002978682518,
      0.02434385195374489,
      0.0944986566901207,
      0.07876787334680557,
      0.03489319235086441,
      0.07688137143850327,
      0.049847010523080826,
      0.03548813983798027,
      0.00973482895642519,
      0.09125912189483643,
      0.03241489827632904,
      0.05606161057949066,
      0.08533360064029694,
      0.08973277360200882,
      0.020883062854409218,
      0.021806800737977028,
      0.04899170622229576,
      0.08669117093086243,
      0.07590135931968689,
      0.0699753537774086,
      0.08295408636331558,
      0.020121924579143524,
      0.011957217939198017,
      0.023428281769156456,
      0.02073703147470951,
      0.09149914979934692,
      0.009629031643271446,
      0.02034078910946846,
      0.05013781413435936,
      0.030545461922883987,
      0.04061267524957657,
      0.04511585086584091,
      0.04048287868499756,
      0.09121178090572357,
      0.011026282794773579,
      0.0847778469324112,
      0.03787313774228096,
      0.08561445772647858,
      0.06111014261841774,
      0.06836482882499695,
      0.04594556987285614,
      0.07613690942525864,
      0.08059139549732208,
      0.07826816290616989,
      0.07303537428379059,
      0.03973960876464844,
      0.06532380729913712,
      0.05357679724693298,
      0.0745963454246521,
      0.021582430228590965,
      0.06196591258049011,
      0.061406638473272324,
      0.08435621112585068,
      0.06953888386487961,
      0.009412387385964394,
      0.06385955214500427,
      0.0532078854739666,
      0.08830680698156357,
      0.06299015879631042,
      0.05216491222381592,
      0.06605493277311325,
      0.05727628991007805,
      0.02776242420077324,
      0.08907487243413925,
      0.06269609183073044,
      0.04090400040149689,
      0.04163718223571777,
      0.031770382076501846,
      0.03367998078465462,
      0.08693616837263107,
      0.08256068080663681,
      0.07546541839838028,
      0.07476085424423218,
      0.05513681471347809,
      0.07356664538383484,
      0.05315631255507469,
      0.07200618833303452,
      0.015402190387248993,
      0.07138050347566605,
      0.02554205432534218,
      0.09195557981729507,
      0.009974641725420952,
      0.06649649143218994,
      0.00968012586236,
      0.044466983526945114,
      0.012489820830523968,
      0.044884320348501205,
      0.050636790692806244,
      0.04001167416572571,
      0.029341891407966614,
      0.05453821271657944,
      0.05765881761908531,
      0.07325320690870285,
      0.015011460520327091,
      0.09166771173477173,
      0.03540325537323952,
      0.039278510957956314,
      0.07683317363262177,
      0.05059150233864784,
      0.08374694734811783,
      0.07262802124023438,
      0.06904881447553635,
      0.021111220121383667,
      0.09383122622966766,
      0.07253743708133698,
      0.009514077566564083,
      0.013492867350578308,
      0.07462604343891144,
      0.0456492081284523,
      0.0946885272860527,
      0.03998483717441559,
      0.01749325916171074,
      0.056169215589761734,
      0.06565959751605988,
      0.034747347235679626,
      0.04110629856586456,
      0.014370162039995193,
      0.06987790018320084,
      0.06663601100444794,
      0.08923154324293137,
      0.050538573414087296,
      0.07291094213724136,
      0.09183752536773682,
      0.03239171579480171,
      0.07320451736450195,
      0.03399302065372467,
      0.018475614488124847,
      0.04622143507003784,
      0.04124758020043373,
      0.09218979626893997,
      0.07680056989192963,
      0.0671059638261795,
      0.07015393674373627,
      0.07360600680112839,
      0.06756924837827682,
      0.017631802707910538,
      0.04397327080368996,
      0.08185877650976181,
      0.0887681320309639,
      0.05198054015636444,
      0.02598760649561882,
      0.07107342779636383,
      0.06501685827970505,
      0.06384821981191635,
      0.03726606070995331,
      0.06686949729919434,
      0.05766933411359787,
      0.04646323248744011,
      0.08604546636343002,
      0.016623597592115402,
      0.034527119249105453,
      0.07299640029668808,
      0.0154483113437891,
      0.08053059875965118,
      0.03574182465672493,
      0.08749589323997498,
      0.036094050854444504,
      0.04309121519327164,
      0.04155275225639343,
      0.04505455866456032,
      0.09423654526472092,
      0.06947436183691025,
      0.09458345174789429,
      0.019299816340208054,
      0.08570168912410736,
      0.05340525880455971,
      0.024261340498924255,
      0.01821754314005375,
      0.05112876743078232,
      0.015779666602611542,
      0.05796840786933899,
      0.06911801546812057,
      0.05529571697115898,
      0.07881300896406174,
      0.011527186259627342,
      0.02082224190235138,
      0.07723080366849899,
      0.06335052102804184,
      0.04036002978682518,
      0.02434385195374489,
      0.0944986566901207,
      0.07876787334680557,
      0.03489319235086441,
      0.07688137143850327,
      0.049847010523080826,
      0.03548813983798027,
      0.00973482895642519,
      0.09125912189483643,
      0.03241489827632904,
      0.05606161057949066,
      0.08533360064029694,
      0.08973277360200882,
      0.020883062854409218,
      0.021806800737977028,
      0.04899170622229576,
      0.08669117093086243,
      0.07590135931968689,
      0.0699753537774086,
      0.08295408636331558,
      0.020121924579143524,
      0.011957217939198017,
      0.023428281769156456,
      0.02073703147470951
    ]
  },
  "infeasible_energies": {
    "mean": 0.051579691004008055,
    "std": 0.02009047022970935,
    "min": 0.010057243518531322,
    "max": 0.0851149782538414,
    "values": [
      0.010057243518531322,
      0.04688512906432152,
      0.062296707183122635,
      0.061682362109422684,
      0.045930325984954834,
      0.06533775478601456,
      0.0447239875793457,
      0.03497302159667015,
      0.053410883992910385,
      0.03391409292817116,
      0.08446481078863144,
      0.030886627733707428,
      0.03678242489695549,
      0.06449589878320694,
      0.07860198616981506,
      0.0851149782538414,
      0.028742510825395584,
      0.06623870879411697,
      0.04577985033392906,
      0.07837957888841629,
      0.024220552295446396,
      0.06912238895893097,
      0.010057243518531322,
      0.04688512906432152,
      0.062296707183122635,
      0.061682362109422684,
      0.045930325984954834,
      0.06533775478601456
    ]
  }
}