{
  "converged_trajectories": {
    "mean_final_mass": 420.22471343127114,
    "std_final_mass": 19.59091367309434,
    "min_final_mass": 291.10110452697023,
    "max_final_mass": 442.91934514855626,
    "median_final_mass": 425.75975534362783,
    "q25_final_mass": 417.37632319078983,
    "q75_final_mass": 431.05452220646157,
    "values": [
      417.4755566630258,
      432.2975629065015,
      433.23615387698993,
      389.1065256866461,
      424.9608536937279,
      427.8366503671347,
      435.04682423655987,
      415.7805204484978,
      419.04144815448836,
      426.6052245377639,
      432.51468800252064,
      428.9791347284648,
      432.04404700709364,
      427.5289919397233,
      442.91934514855626,
      429.3561041141493,
      412.32814042174465,
      421.0816482930307,
      424.65709015674366,
      427.03182095442645,
      419.91813027373183,
      434.0527082993659,
      423.4012565471442,
      412.76837910312173,
      423.2394437292297,
      413.0785456157268,
      421.991844514613,
      426.84436329131273,
      427.4963783766435,
      432.51884489081857,
      420.2373482076537,
      426.8104490271607,
      427.18688472675194,
      397.60637308431683,
      291.10110452697023,
      436.62870186069404,
      386.43173274687194,
      405.16373960180977,
      436.02822576428156,
      427.9247823367588,
      427.2445000417345,
      430.16187060827156,
      396.6017997512556,
      420.38007416191783,
      419.1213540614949,
      429.7035417468412,
      427.7111961686608,
      433.2944955137623,
      424.2066831252953,
      427.36290334407704,
      438.04829712987623,
      432.9769589655737,
      430.39773072938516,
      430.5352660192282,
      429.8238912122722,
      432.6582455071074,
      434.37113553343175,
      422.96425511369335,
      421.84661854106093,
      416.5166125858202,
      424.7647119998857,
      424.5248408797333,
      433.64430570854626,
      418.67717942158043,
      426.63409553144373,
      416.4503268310089,
      427.68529403633886,
      404.6238220436132,
      433.6614425042606,
      431.7788486674348,
      421.56704878287906,
      428.43565510135636,
      404.9913942298048,
      426.25093044423846,
      436.5207024587011,
      417.7973996322464,
      415.7649440724516,
      365.49259871614794,
      431.19748657216616,
      419.77985924244643,
      433.66167548887114,
      418.0171521334827,
      428.9577364308351,
      434.68726482317965,
      372.9134073864932,
      433.9497931451091,
      433.55105361662424,
      415.04330713154604,
      406.2021776839744,
      425.7936830531176,
      434.64126537282374,
      423.12447005887617,
      415.2294814400199,
      420.7873139861907,
      426.179779359546,
      433.31103152660853,
      432.1838464489986,
      417.8351303972806,
      383.39603194072004,
      433.4748593301106,
      386.9218328147492,
      410.3441343619323,
      423.9013536834749,
      429.11231222585366,
      429.0442595283286,
      436.56424221111354,
      346.3390552593776,
      425.7258276341381,
      419.95749409070595,
      432.33380813984286,
      427.94772636175134,
      435.3098630877167,
      430.2589092650648,
      430.5610975380635,
      432.6304682179172,
      331.68807904554757,
      423.222317850673,
      396.6691671023535,
      415.9605487978724,
      400.01071202170607,
      392.6805594022366,
      429.44486950879696,
      413.95224394217485,
      411.8189682594705,
      423.0410883380663,
      426.74198755518506,
      422.88884791130414,
      435.4805646166564,
      430.4706273446254,
      423.28453160591283,
      422.0017886607483,
      427.67692077927734,
      431.6386062027578,
      431.87613638396795,
      425.0853746051357,
      400.32718835161296,
      369.70504590818064,
      436.5764705905847,
      427.3184187115336,
      430.6256291093477,
      404.87704842291095,
      427.3543571025304,
      434.1607755406857,
      421.73604034827696,
      417.1199037331926,
      418.37020594960626,
      436.0470813655832,
      398.31383273649215,
      418.8295519454057,
      393.8896733829539,
      413.8644426871301,
      436.0857680460219,
      417.3432453667112,
      419.14189347616275,
      426.0222996959941,
      420.4539045445185,
      434.29269281068116,
      422.07434181713387,
      427.5674728533286,
      417.75455172345573,
      436.9568013316681,
      406.7931532275869,
      434.0251094923855,
      408.91114929041845,
      426.9238008617331,
      402.602025942785,
      423.1440216722935,
      405.8473892543414,
      415.4964853369253,
      414.6357481450745,
      406.1770456342068,
      429.8963953383371,
      433.8745879232939,
      436.73351448128074,
      433.7853928032398,
      436.49902807163005,
      418.4303942539409,
      422.7020203263674,
      417.4755566630258,
      432.2975629065015,
      433.23615387698993,
      389.1065256866461,
      424.9608536937279,
      427.8366503671347,
      435.04682423655987,
      415.7805204484978,
      419.04144815448836,
      426.6052245377639,
      432.51468800252064,
      428.9791347284648,
      432.04404700709364,
      427.5289919397233,
      442.91934514855626,
      429.3561041141493,
      412.32814042174465,
      421.0816482930307,
      424.65709015674366,
      427.03182095442645,
      419.91813027373183,
      434.0527082993659,
      423.4012565471442,
      412.76837910312173,
      423.2394437292297,
      413.0785456157268,
      421.991844514613,
      426.84436329131273,
      427.4963783766435,
      432.51884489081857,
      420.2373482076537,
      426.8104490271607,
      427.18688472675194,
      397.60637308431683,
      291.10110452697023,
      436.62870186069404,
      386.43173274687194,
      405.16373960180977,
      436.02822576428156,
      427.9247823367588,
      427.2445000417345,
      430.16187060827156,
      396.6017997512556,
      420.38007416191783
    ]
  },
  "predicted_vs_converged": {
    "mean_abs_error": 13.930572361764618,
    "std_abs_error": 17.989160830696697,
    "mean_rel_error": 0.03551025156219487,
    "correlation": -0.0338992605089467
  },
  "mass_efficiency": {
    "mean_mass_used": -419.22471343127114,
    "std_mass_used": 19.59091367309434,
    "mass_efficiency_rate": 420.22471343127114
  }
}