{"train_loss":0.8239805102348328,"step":24,"_timestamp":1.753990246783635e+09,"_step":24,"_wandb":{"runtime":11},"_runtime":11}