{"step":1,"_timestamp":1.753990420529072e+09,"_wandb":{"runtime":19},"_runtime":19,"_step":1,"train_loss":1.4209859371185303}