{"_runtime":10,"_step":23,"train_loss":0.7503608465194702,"step":23,"_timestamp":1.753990375657262e+09,"_wandb":{"runtime":10}}