{"_timestamp":1.7539902887991612e+09,"_step":1,"_wandb":{"runtime":19},"_runtime":19,"train_loss":1.4209859371185303,"step":1}